month_name,average_delay,median_delay,total_records
December,46.32019812547793,20.0,3029999
February,41.9267048181736,17.0,2587578
January,41.37340086337411,20.0,3021865
November,38.248328562248055,18.0,2995475
May,36.83444363478138,16.0,3052024
October,35.824960657423794,16.0,3103508
March,35.43529977864807,16.0,2946891
June,35.21628397159445,16.0,2956183
July,34.036749226309716,16.0,3060010
September,32.59732176700492,15.0,3002278
April,32.443620753606226,14.0,2938670
August,31.926956503621444,15.0,3071704
